Id,Designator,Footprint,Quantity,Designation,Description,Manufacturer Part Number/ Generic Part Number[PCB Power],Manufacturer Name
1,J2,TerminalBlock_4Ucon_1x06_P3.50mm_Vertical,1,Screw_Terminal_01x06,TERM BLK 6POS SIDE ENTRY 5MM PCB,VI0601550000G,Amphenol Anytek
2,"ADC3,ADC4,ADC1,ADC2",PinHeader_1x04_P2.54mm_Vertical,4,Conn_01x04_Pin,"Connector Header Through Hole 4 position 0.100"" (2.54mm)",,
3,"R8,R4,R10,R3,R6,R9,R5,R7",R_0603_1608Metric,8,1K,Resistor,,
4,"C5,C4",C_0402_1005Metric,2,2.2uF,Capacitor,,
5,P2,PinHeader_1x08_P2.54mm_Vertical,1,Conn_01x08_Pin,"Connector Header Through Hole 8 position 0.100"" (2.54mm)",,
6,"R17,R16,R18",R_0603_1608Metric,3,4.7k,Resistor,,
7,"C2,C7,C6,C8,C10,C3,C9",C_0402_1005Metric,7,100N,Capacitor,,
8,U2,TSSOP-28_4.4x7.8mm_P0.5mm,1,ADS1234IPW,24 Bit Analog to Digital Converter 4 Input 1 Sigma-Delta 28-TSSOP,ADS1234IPW,Texas Instruments 
9,U4,QFN50P400X400X95-24N,1,MPU-6050,IMU ACCEL/GYRO 3-AXIS I2C 24QFN,MPU-6050 ,TDK InvenSense 
10,D1,LED_0603_1608Metric,1,LED,Green LED,,
11,U3,VSSOP-10_3x3mm_P0.5mm,1,INA228,IC PWR MONITOR 10VSSOP,INA228AIDGSR,Texas Instruments 
12,"C14,C1,C12",C_0603_1608Metric,3,0.1uF,Capacitor,,
13,"R11,R12,R14",R_0603_1608Metric,3,4.7K,Resistor,,
14,C11,C_0603_1608Metric,1,0.01uF,Capacitor,,
15,J3,PinHeader_1x04_P2.54mm_Horizontal,1,Conn_01x04_Pin,"Connector Header Through Hole 4 position 0.100"" (2.54mm)",,
16,P1,PinHeader_1x03_P2.54mm_Vertical,1,Conn_01x03_Pin,"Connector Header Through Hole 3 position 0.100"" (2.54mm)",,
17,C13,C_0402_1005Metric,1,2200pF,Capacitor,,
18,R15,R_2512_6332Metric,1,I_SENSE,RES 0.025 OHM 1% 1W 2512,WSL2512R0250FEA,Vishay Dale
19,U1,Texas_RGE0024C_VQFN-24-1EP_4x4mm_P0.5mm_EP2.1x2.1mm,1,TCA9548AMRGER,IC BUS SWITCH 1 X 8:1 24VQFN,TCA9548AMRGER,Texas Instruments 
20,R1,R_0603_1608Metric,1,10k,Resistor,,
21,R13,R_0603_1608Metric,1,10K,Resistor,,
22,J1,PinSocket_2x20_P2.54mm_Vertical,1,GPIO,STACKING HEADER RASPBERRY PI,1979,Adafruit Industries LLC
